Län,Kommun,Församling,Församlingsnamn,,,
01,0114,011401,Ed,,,
01,0114,011402,Hammarby,,,
01,0114,011403,Fresta,,,
01,0115,011501,Vallentuna,,,
01,0115,011507,Össeby,,,
01,0117,011702,Österåker-Östra Ryd,,,
01,0117,011703,Ljusterö-Kulla,,,
01,0120,012001,Värmdö,,,
01,0120,012003,"Djurö, Möja och Nämdö",,,
01,0120,012006,Gustavsberg-Ingarö,,,
01,0123,012304,Järfälla,,,
01,0125,012501,Adelsö-Munsö,,,
01,0125,012503,Ekerö,,,
01,0125,012504,Lovö,,,
01,0125,012509,Färingsö,,,
01,0126,012601,Huddinge,,,
01,0126,012602,Trångsund-Skogås,,,
01,0126,012603,S:t Mikael,,,
01,0126,012604,Flemingsberg,,,
01,0127,012701,Botkyrka,,,
01,0127,012702,Grödinge,,,
01,0128,012801,Salem,,,
01,0136,013601,Österhaninge,,,
01,0136,013605,Dalarö-Ornö-Utö,,,
01,0136,013606,Västerhaninge-Muskö,,,
01,0138,013801,Tyresö,,,
01,0139,013901,Bro,,,
01,0139,013903,Kungsängen-Västra Ryd,,,
01,0140,014001,Turinge-Taxinge,,,
01,0160,016001,Täby,,,
01,0162,016201,Danderyd,,,
01,0163,016301,Sollentuna,,,
01,0180,018001,Stockholms domkyrkoförs.,,,
01,0180,018004,S:t Johannes,,,
01,0180,018005,Adolf Fredrik,,,
01,0180,018006,Gustav Vasa,,,
01,0180,018007,S:t Matteus,,,
01,0180,018009,Engelbrekt,,,
01,0180,018010,Hedvig Eleonora,,,
01,0180,018011,Oscar,,,
01,0180,018013,Maria Magdalena,,,
01,0180,018014,Högalid,,,
01,0180,018015,Katarina,,,
01,0180,018017,Sofia,,,
01,0180,018019,Västermalm,,,
01,0180,018021,Brännkyrka,,,
01,0180,018023,Vantör,,,
01,0180,018025,Farsta,,,
01,0180,018027,Bromma,,,
01,0180,018029,Västerled,,,
01,0180,018031,Vällingby,,,
01,0180,018034,Enskede-Årsta,,,
01,0180,018036,Skarpnäck,,,
01,0180,018038,Hässelby,,,
01,0180,018039,Hägersten,,,
01,0180,018040,Skärholmen,,,
01,0180,018041,Spånga-Kista,,,
01,0180,018090,Hovförsamlingen,,,
01,0180,018092,Tyska S:ta Gertrud,,,
01,0180,018093,Finska,,,
01,0181,018101,Södertälje,,,
01,0181,018102,Östertälje,,,
01,0181,018104,Enhörna,,,
01,0181,018106,Vårdinge,,,
01,0181,018107,Överjärna,,,
01,0181,018108,Ytterjärna,,,
01,0181,018110,Hölö-Mörkö,,,
01,0182,018201,Nacka,,,
01,0182,018202,Saltsjöbaden,,,
01,0182,018203,Boo,,,
01,0183,018301,Sundbyberg,,,
01,0184,018401,Solna,,,
01,0186,018601,Lidingö,,,
01,0187,018701,Vaxholm,,,
01,0188,018801,Norrtälje-Malsta,,,
01,0188,018803,Väddö,,,
01,0188,018805,Häverö-Edebo,,,
01,0188,018808,Edsbro-Ununge,,,
01,0188,018809,Fasterna,,,
01,0188,018810,Rimbo,,,
01,0188,018812,"Husby, Skederid och Rö",,,
01,0188,018814,Gottröra,,,
01,0188,018815,Närtuna,,,
01,0188,018817,Lohärad,,,
01,0188,018818,Estuna och Söderby-Karl,,,
01,0188,018820,Roslagsbro-Vätö,,,
01,0188,018822,Rådmansö,,,
01,0188,018823,Frötuna,,,
01,0188,018824,Blidö,,,
01,0188,018825,Länna,,,
01,0188,018826,Riala,,,
01,0191,019101,Sigtuna,,,
01,0191,019106,Husby-Ärlinghundra,,,
01,0191,019108,Norrsunda,,,
01,0191,019109,Skepptuna,,,
01,0191,019112,Valsta,,,
01,0192,019201,Nynäshamn,,,
01,0192,019202,Sorunda,,,
01,0192,019204,Ösmo-Torö,,,
03,0305,030501,Kalmar-Yttergran,,,
03,0305,030503,Övergran,,,
03,0305,030504,Häggeby,,,
03,0305,030505,Skokloster,,,
03,0319,031902,Älvkarleby-Skutskär,,,
03,0330,033001,Knivsta,,,
03,0330,033002,Östuna,,,
03,0330,033003,Husby-Långhundra,,,
03,0330,033004,Lagga,,,
03,0330,033005,Alsike,,,
03,0330,033006,Vassunda,,,
03,0331,033101,Västerlövsta,,,
03,0331,033102,Huddunge,,,
03,0331,033103,Enåker,,,
03,0331,033104,Vittinge,,,
03,0331,033105,Nora,,,
03,0331,033106,Östervåla,,,
03,0331,033107,Harbo,,,
03,0360,036001,Tolfta,,,
03,0360,036003,Vendel-Tegelsmora,,,
03,0360,036005,Tierp-Söderfors,,,
03,0360,036007,Västland,,,
03,0360,036008,Hållnäs-Österlövsta,,,
03,0380,038001,Uppsala domkyrkoförs.,,,
03,0380,038002,Helga Trefaldighet,,,
03,0380,038003,Gamla Uppsala,,,
03,0380,038004,Vaksala,,,
03,0380,038005,Danmark-Funbo,,,
03,0380,038007,Hagby,,,
03,0380,038008,Ramsta,,,
03,0380,038009,Balingsta,,,
03,0380,038010,Västeråker,,,
03,0380,038011,Dalby,,,
03,0380,038012,Uppsala-Näs,,,
03,0380,038014,Norra Hagunda,,,
03,0380,038021,Bälingebygden,,,
03,0380,038022,Skuttunge,,,
03,0380,038023,Tensta,,,
03,0380,038024,Lena,,,
03,0380,038025,Ärentuna,,,
03,0380,038026,Björklinge,,,
03,0380,038027,Viksta,,,
03,0380,038028,Knutby-Bladåker,,,
03,0380,038030,Faringe,,,
03,0380,038031,Almunge,,,
03,0380,038038,Gottsunda,,,
03,0380,038039,Stavby,,,
03,0380,038040,Tuna,,,
03,0380,038041,Rasbo-Rasbokil,,,
03,0381,038101,Enköping,,,
03,0381,038105,Tillinge och Södra Åsunda,,,
03,0381,038107,Sparrsätra-Bred,,,
03,0381,038111,Boglösa,,,
03,0381,038114,Veckholm,,,
03,0381,038117,Villberga,,,
03,0381,038130,Lagunda,,,
03,0381,038131,Fjärdhundra,,,
03,0382,038204,Frösåker,,,
03,0382,038207,Öregrund-Gräsö,,,
03,0382,038209,Alunda,,,
03,0382,038210,Ekeby,,,
03,0382,038211,Skäfthammar-Hökhuvud,,,
03,0382,038213,Dannemorabygden,,,
04,0428,042801,Västra Vingåker,,,
04,0428,042802,Österåker,,,
04,0461,046101,Frustuna,,,
04,0461,046104,Daga,,,
04,0480,048002,Nyköping,,,
04,0480,048005,Tunaberg,,,
04,0480,048007,Kiladalen,,,
04,0480,048010,Stigtomta-Vrena,,,
04,0480,048019,Rönö,,,
04,0480,048020,Tystbergabygden,,,
04,0481,048101,Oxelösund,,,
04,0482,048201,"Flen, Helgesta-Hyltinge",,,
04,0482,048205,Dunker-Lilla Malma,,,
04,0482,048207,Mellösa,,,
04,0482,048208,Bettna,,,
04,0483,048301,Katrineholmsbygden,,,
04,0483,048302,Björkvik,,,
04,0484,048402,S:t Johannes,,,
04,0484,048403,Torshälla,,,
04,0484,048410,Hällby förs. med Tumbo och Råby-Rekarne,,,
04,0484,048413,Västra Rekarne,,,
04,0484,048417,Näshulta,,,
04,0484,048418,Husby-Rekarne,,,
04,0484,048420,Stenkvista-Ärla,,,
04,0484,048421,Kafjärden,,,
04,0484,048422,Tunafors,,,
04,0484,048423,S:t Ansgar,,,
04,0486,048601,Strängnäs domkyrkoförs. med Aspö,,,
04,0486,048604,Mariefred,,,
04,0486,048606,Åker-Länna,,,
04,0486,048607,Stallarholmen,,,
04,0486,048614,Vårfruberga-Härad,,,
04,0488,048802,Trosa,,,
05,0509,050902,Ödeshög,,,
05,0512,051201,Norra Ydre,,,
05,0512,051203,Sund-Svinhult,,,
05,0512,051204,Västra Ryd,,,
05,0513,051301,Tidersrum,,,
05,0513,051302,Kisa,,,
05,0513,051303,Västra Eneby,,,
05,0513,051304,Horn,,,
05,0513,051305,Hycklinge,,,
05,0513,051309,Rimforsa,,,
05,0560,056002,Boxholm,,,
05,0561,056101,Åtvid,,,
05,0562,056201,Finspång,,,
05,0563,056301,Valdemarsvik,,,
05,0563,056302,Ringarum,,,
05,0580,058001,Linköpings domkyrkoförs.,,,
05,0580,058002,Linköpings S:t Lars,,,
05,0580,058003,Landeryd,,,
05,0580,058004,Slaka,,,
05,0580,058005,Kärna,,,
05,0580,058008,Vist,,,
05,0580,058009,Vårdnäs,,,
05,0580,058010,Skeda,,,
05,0580,058011,Nykil-Gammalkil,,,
05,0580,058012,Ulrika,,,
05,0580,058018,Vikingstad,,,
05,0580,058019,Vreta kloster,,,
05,0580,058024,Åkerbo,,,
05,0580,058033,Linköpings Berga,,,
05,0580,058034,Linköpings Johannelund,,,
05,0580,058035,Linköpings Skäggetorp,,,
05,0580,058036,Linköpings Ryd,,,
05,0580,058037,Gottfridsberg,,,
05,0580,058038,Lambohov,,,
05,0580,058039,Tannefors,,,
05,0581,058102,Norrköpings S:t Olof,,,
05,0581,058104,Kolmården,,,
05,0581,058105,Norrköpings Borg,,,
05,0581,058106,Norrköpings S:t Johannes,,,
05,0581,058119,Västra Vikbolandet,,,
05,0581,058125,Östra Husby,,,
05,0581,058127,Jonsberg,,,
05,0582,058201,Söderköping S:t Anna,,,
05,0582,058204,Östra Ryd,,,
05,0583,058301,Motala,,,
05,0583,058303,Västra Ny,,,
05,0583,058304,Godegård,,,
05,0583,058306,Borensberg,,,
05,0583,058307,Klockrike,,,
05,0583,058309,Fornåsa,,,
05,0583,058322,Tjällmo,,,
05,0583,058324,Aska,,,
05,0584,058401,Vadstena,,,
05,0584,058408,Dal,,,
05,0586,058601,Mjölby,,,
05,0586,058603,Skänninge,,,
05,0586,058612,Väderstad,,,
05,0586,058616,Östra Tollstad,,,
05,0586,058618,Vifolka,,,
06,0604,060402,Aneby,,,
06,0604,060403,Askeryd,,,
06,0604,060405,Frinnaryd,,,
06,0604,060406,Lommaryd,,,
06,0604,060408,Haurida-Vireda,,,
06,0617,061701,Källeryd,,,
06,0617,061702,Åsenhöga,,,
06,0617,061703,Kävsjö,,,
06,0617,061704,Kulltorp,,,
06,0617,061705,Gnosjö,,,
06,0642,064203,Mullsjö-Sandhem,,,
06,0643,064301,Habo,,,
06,0643,064302,Gustav Adolf,,,
06,0643,064303,Brandstorp,,,
06,0662,066201,Gislaved,,,
06,0662,066202,Våthult,,,
06,0662,066203,Bosebo,,,
06,0662,066204,Anderstorp,,,
06,0662,066208,Norra Hestra,,,
06,0662,066209,Villstad,,,
06,0662,066210,Burseryd,,,
06,0662,066216,Västbo S:t Sigfrid,,,
06,0665,066501,Byarum-Bondstorp,,,
06,0665,066503,Skillingaryd,,,
06,0665,066506,Svenarum,,,
06,0680,068002,Jönköping,,,
06,0680,068005,Huskvarna,,,
06,0680,068006,Hakarp,,,
06,0680,068007,Gränna,,,
06,0680,068008,Norrahammar,,,
06,0680,068009,Visingsö,,,
06,0680,068010,Skärstad-Ölmstad,,,
06,0680,068014,Lekeryd,,,
06,0680,068015,Rogberga-Öggestorp,,,
06,0680,068016,Barnarp-Ödestugu,,,
06,0680,068019,Månsarp,,,
06,0680,068020,Bankeryd,,,
06,0680,068021,Norra Mo,,,
06,0682,068201,Nässjö,,,
06,0682,068203,Norra Sandsjö,,,
06,0682,068204,Bringetofta,,,
06,0682,068205,Norra Solberga-Flisby,,,
06,0682,068207,Barkeryd-Forserum,,,
06,0682,068209,Malmbäck,,,
06,0682,068210,Almesåkra,,,
06,0683,068301,Värnamo,,,
06,0683,068302,Bredaryd,,,
06,0683,068306,Forshedabygden,,,
06,0683,068309,Tånnö,,,
06,0683,068310,Voxtorp,,,
06,0683,068311,Gällaryd,,,
06,0683,068312,Rydaholm,,,
06,0683,068313,Nydala-Fryele,,,
06,0684,068401,Sävsjö,,,
06,0684,068403,Vrigstad-Hylletofta,,,
06,0684,068406,Stockaryd,,,
06,0685,068501,Vetlanda,,,
06,0685,068503,Bäckseda,,,
06,0685,068504,Näsby,,,
06,0685,068509,Korsberga,,,
06,0685,068514,"Nye, Näshult och Stenberga",,,
06,0685,068515,Alseda,,,
06,0685,068519,Björkö,,,
06,0685,068520,Nävelsjö,,,
06,0685,068521,Lannaskede,,,
06,0685,068524,Ekenässjön,,,
06,0686,068601,Eksjö,,,
06,0686,068602,Hässleby-Kråkshult,,,
06,0686,068605,Ingatorp-Bellö,,,
06,0686,068606,Hult-Edshult,,,
06,0686,068608,Mellby,,,
06,0686,068609,Höreda,,,
06,0687,068701,Säby,,,
06,0687,068702,Adelöv,,,
06,0687,068703,Linderås,,,
07,0760,076001,Åseda,,,
07,0760,076003,Lenhovda-Herråkra,,,
07,0760,076004,Nottebäck,,,
07,0760,076005,Älghult,,,
07,0761,076102,Lessebo,,,
07,0763,076301,Tingsås,,,
07,0763,076302,Almundsryd,,,
07,0763,076303,Älmeboda,,,
07,0763,076304,Linneryd,,,
07,0763,076305,Södra Sandsjö,,,
07,0763,076306,Väckelsång,,,
07,0763,076307,Urshult,,,
07,0764,076401,Alvesta,,,
07,0764,076405,Moheda,,,
07,0764,076406,Slätthög,,,
07,0764,076407,Mistelås,,,
07,0764,076409,Vislanda-Blädinge,,,
07,0764,076410,Skatelöv,,,
07,0764,076411,Västra Torsås,,,
07,0765,076501,Älmhult,,,
07,0765,076503,Virestad-Härlunda,,,
07,0765,076504,Stenbrohult,,,
07,0765,076505,Göteryd,,,
07,0765,076506,Pjätteryd,,,
07,0765,076507,Hallaryd,,,
07,0767,076701,Markaryd,,,
07,0767,076702,Hinneryd,,,
07,0767,076703,Traryd,,,
07,0780,078001,Växjö stads- och domkyrkoförs.,,,
07,0780,078003,Sjösås,,,
07,0780,078006,Dädesjö,,,
07,0780,078007,Hemmesjö-Furuby,,,
07,0780,078008,Ingelstad,,,
07,0780,078012,Kalvsvik,,,
07,0780,078013,Tävelsås,,,
07,0780,078015,Vederslöv,,,
07,0780,078016,Gemla,,,
07,0780,078018,Öjaby,,,
07,0780,078020,Gårdsby,,,
07,0780,078021,Söraby,,,
07,0780,078024,Lammhult,,,
07,0781,078101,Ljungby,,,
07,0781,078102,Agunnaryd,,,
07,0781,078103,Ryssby,,,
07,0781,078104,Tutaryd,,,
07,0781,078107,Södra Ljunga,,,
07,0781,078108,Berga,,,
07,0781,078109,Dörarp,,,
07,0781,078110,Vittaryd,,,
07,0781,078111,Angelstad,,,
07,0781,078112,Annerstad,,,
07,0781,078114,Torpa,,,
07,0781,078115,Vrå,,,
07,0781,078116,Lidhult,,,
07,0781,078117,Odensjö,,,
07,0781,078118,Bolmsö,,,
07,0781,078119,Tannåker,,,
07,0781,078120,Ljungby Maria,,,
08,0821,082101,Fågelfors,,,
08,0821,082102,Högsby,,,
08,0821,082103,Långemåla,,,
08,0821,082104,Fagerhult,,,
08,0834,083401,Gullabo,,,
08,0834,083402,Torsås,,,
08,0834,083404,Söderåkra,,,
08,0840,084001,Resmo-Vickleby,,,
08,0840,084003,Mörbylånga-Kastlösa,,,
08,0840,084005,Hulterstad-Stenåsa,,,
08,0840,084008,Sydöland,,,
08,0840,084014,Glömminge-Algutsrum,,,
08,0840,084015,Torslunda,,,
08,0840,084016,"Norra Möckleby, Sandby och Gårdby",,,
08,0860,086001,Hultsfred,,,
08,0860,086002,Lönneberga,,,
08,0860,086003,Målilla med Gårdveda,,,
08,0860,086004,Järeda,,,
08,0860,086005,Virserum,,,
08,0860,086006,Vena,,,
08,0860,086008,Mörlunda-Tveta,,,
08,0861,086101,Mönsterås,,,
08,0861,086102,Fliseryd,,,
08,0861,086103,Ålem,,,
08,0862,086201,Emmaboda,,,
08,0862,086202,Vissefjärda,,,
08,0862,086203,Algutsboda,,,
08,0862,086204,Långasjö,,,
08,0880,088001,Kalmar domkyrkoförs.,,,
08,0880,088002,Förlösa-Kläckeberga,,,
08,0880,088003,Dörby,,,
08,0880,088004,Hossmo,,,
08,0880,088005,Ryssby,,,
08,0880,088006,Åby,,,
08,0880,088008,Ljungby,,,
08,0880,088009,Arby-Hagby,,,
08,0880,088011,Halltorp-Voxtorp,,,
08,0880,088013,Karlslunda-Mortorp,,,
08,0880,088015,Kalmar S:t Johannes,,,
08,0880,088016,Heliga Korset,,,
08,0880,088017,S:ta Birgitta,,,
08,0880,088018,Två systrar,,,
08,0881,088101,Nybro-S:t Sigfrid,,,
08,0881,088102,Kråksmåla,,,
08,0881,088103,Bäckebo,,,
08,0881,088104,Kristvalla,,,
08,0881,088105,Madesjö,,,
08,0881,088106,Örsjö,,,
08,0881,088108,Oskar,,,
08,0881,088109,Hälleberga,,,
08,0882,088201,Oskarshamn,,,
08,0882,088203,Misterhult,,,
08,0882,088205,Döderhult,,,
08,0883,088301,Västervik,,,
08,0883,088302,Törnsfall,,,
08,0883,088303,Gladhammar-Västrum,,,
08,0883,088305,Ukna,,,
08,0883,088306,Dalhem,,,
08,0883,088307,Överum,,,
08,0883,088308,Västra Ed,,,
08,0883,088309,Loftahammar,,,
08,0883,088310,Lofta,,,
08,0883,088311,Gamleby,,,
08,0883,088312,Odensvi,,,
08,0883,088314,Hallingeberg-Blackstad,,,
08,0883,088315,Hjorted,,,
08,0884,088401,Vimmerby,,,
08,0884,088403,Rumskulla,,,
08,0884,088404,Pelarne,,,
08,0884,088405,Frödinge,,,
08,0884,088406,Locknevi,,,
08,0884,088408,Södra Vi-Djursdala,,,
08,0884,088409,Tuna,,,
08,0885,088501,Borgholm,,,
08,0885,088502,Föra-Alböke-Löt,,,
08,0885,088507,Köpingsvik,,,
08,0885,088509,Räpplinge-Högsrum,,,
08,0885,088510,"Gärdslösa, Långlöt och Runsten",,,
08,0885,088514,Nordöland,,,
09,0980,098001,Visby domkyrkoförs.,,,
09,0980,098002,Othem-Boge,,,
09,0980,098004,Fårö,,,
09,0980,098005,"Bunge, Rute och Fleringe",,,
09,0980,098010,Forsa,,,
09,0980,098015,Stenkyrka,,,
09,0980,098018,Väskinde,,,
09,0980,098025,Gothem,,,
09,0980,098029,Dalhem,,,
09,0980,098030,Barlingbo,,,
09,0980,098031,Endre,,,
09,0980,098032,Hejdeby,,,
09,0980,098033,Follingbo,,,
09,0980,098034,Akebäck,,,
09,0980,098035,Roma,,,
09,0980,098036,Björke,,,
09,0980,098040,Vänge,,,
09,0980,098047,Östergarn,,,
09,0980,098048,Stenkumla,,,
09,0980,098050,"Vall, Hogrän och Atlingbo",,,
09,0980,098055,Eskelhem-Tofta,,,
09,0980,098057,"Sanda, Västergarn och Mästerby",,,
09,0980,098059,Väte,,,
09,0980,098060,Hejde,,,
09,0980,098061,Klinte,,,
09,0980,098062,Fröjel,,,
09,0980,098063,Eksta,,,
09,0980,098064,Sproge,,,
09,0980,098065,Garde,,,
09,0980,098071,När-Lau,,,
09,0980,098073,Stånga-Burs,,,
09,0980,098074,Lojsta,,,
09,0980,098075,Linde,,,
09,0980,098076,"Alva, Hemse och Rone",,,
09,0980,098079,Fardhem,,,
09,0980,098080,Gerum,,,
09,0980,098081,Levide,,,
09,0980,098084,Havdhem,,,
09,0980,098089,Hoburg,,,
10,1060,106002,Jämshög,,,
10,1060,106003,Kyrkhult,,,
10,1080,108001,Karlskrona stadsförs.,,,
10,1080,108002,Karlskrona amiralitetsförs.,,,
10,1080,108004,Aspö,,,
10,1080,108006,Lyckå,,,
10,1080,108008,Kristianopel,,,
10,1080,108009,Jämjö,,,
10,1080,108010,Torhamn,,,
10,1080,108011,Sturkö,,,
10,1080,108012,Ramdala,,,
10,1080,108014,Rödeby,,,
10,1080,108015,Fridlevstad,,,
10,1080,108018,Nättraby-Hasslö,,,
10,1081,108101,Ronneby,,,
10,1081,108110,Bräkne-Hoby,,,
10,1082,108201,Karlshamn,,,
10,1082,108205,Asarum-Ringamåla,,,
10,1082,108206,Mörrum-Elleholm,,,
10,1083,108301,Sölvesborg,,,
10,1083,108304,Mjällby,,,
12,1214,121402,Svalöv,,,
12,1214,121405,Kågeröd-Röstånga,,,
12,1214,121408,Billeberga-Sireköpinge,,,
12,1214,121410,Teckomatorp,,,
12,1230,123006,Uppåkra,,,
12,1230,123013,S:t Staffan,,,
12,1231,123101,Burlöv,,,
12,1233,123304,Vellinge-Månstorp,,,
12,1233,123305,Skanör-Falsterbo,,,
12,1233,123309,Höllviken,,,
12,1256,125601,Knislinge-Gryt,,,
12,1256,125603,Kviinge,,,
12,1256,125604,Glimåkra-Hjärsås,,,
12,1256,125606,Broby-Emmislöv,,,
12,1257,125701,Örkelljunga,,,
12,1257,125702,Rya,,,
12,1257,125703,Skånes-Fagerhult,,,
12,1260,126001,Bjuv,,,
12,1261,126101,Kävlinge,,,
12,1261,126103,Dösjebro,,,
12,1261,126104,Lackalänga-Stävie,,,
12,1261,126112,Löddebygden,,,
12,1262,126201,Lomma,,,
12,1262,126205,Bjärred,,,
12,1263,126301,Svedala,,,
12,1263,126307,Värby,,,
12,1264,126401,Skurup,,,
12,1264,126406,Skivarp,,,
12,1264,126412,Villie,,,
12,1265,126503,Sjöbo,,,
12,1265,126505,Blentarp,,,
12,1265,126510,Lövestad,,,
12,1265,126511,Vollsjö,,,
12,1266,126602,Hörby,,,
12,1267,126702,Höör,,,
12,1267,126704,Ringsjö,,,
12,1270,127005,Tomelillabygden,,,
12,1270,127009,Smedstorp,,,
12,1270,127014,Brösarp-Tranås,,,
12,1272,127201,Ivetofta-Gualöv,,,
12,1272,127203,Näsum,,,
12,1273,127301,Osby-Visseltofta,,,
12,1273,127302,Örkened,,,
12,1273,127303,Loshult,,,
12,1275,127501,Perstorp,,,
12,1276,127601,Klippan,,,
12,1276,127605,Riseberga-Färingtofta,,,
12,1276,127607,Östra Ljungby,,,
12,1277,127701,Björnekulla-Västra Broby,,,
12,1277,127703,Kvidinge,,,
12,1278,127801,Båstad-Östra Karup,,,
12,1278,127802,Förslöv-Grevie,,,
12,1278,127804,Västra Karup-Hov,,,
12,1278,127806,Torekov,,,
12,1280,128002,Malmö S:t Petri,,,
12,1280,128006,Malmö S:t Johannes,,,
12,1280,128007,Limhamn,,,
12,1280,128008,Fosie,,,
12,1280,128010,Husie,,,
12,1280,128016,Hyllie,,,
12,1281,128101,Lunds domkyrkoförs.,,,
12,1281,128102,S:t Peters kloster,,,
12,1281,128104,Lunds Allhelgonaförs.,,,
12,1281,128105,Norra Nöbbelöv,,,
12,1281,128113,Södra Sandby,,,
12,1281,128116,Dalby,,,
12,1281,128120,Genarp,,,
12,1281,128121,Veberöd,,,
12,1281,128124,Helgeand,,,
12,1281,128125,Lunds östra stadsförs.,,,
12,1281,128127,Torn,,,
12,1282,128201,Landskrona,,,
12,1282,128204,Häljarp,,,
12,1283,128301,Helsingborgs Maria,,,
12,1283,128302,Helsingborgs Gustav Adolf,,,
12,1283,128303,Raus,,,
12,1283,128305,Välinge-Kattarp,,,
12,1283,128306,Allerum,,,
12,1283,128307,Fleninge,,,
12,1283,128309,Kropp,,,
12,1283,128316,Kvistofta,,,
12,1284,128401,Höganäs,,,
12,1284,128402,Väsby,,,
12,1284,128403,Viken,,,
12,1284,128404,Brunnby,,,
12,1284,128405,Farhult-Jonstorp,,,
12,1285,128501,Eslöv,,,
12,1285,128502,Östra Onsjö,,,
12,1285,128511,Marieholm,,,
12,1286,128601,Ystad-Sövestad,,,
12,1286,128605,Ljunits,,,
12,1286,128611,Stora Köpinge,,,
12,1286,128617,Löderup,,,
12,1287,128701,Trelleborg,,,
12,1287,128706,Hammarlöv,,,
12,1287,128715,Dalköpinge,,,
12,1287,128721,Källstorp,,,
12,1287,128731,Anderslöv,,,
12,1290,129001,Kristianstads Heliga Trefaldighet,,,
12,1290,129002,Norra Åsum,,,
12,1290,129005,Träne-Djurröd,,,
12,1290,129007,Vä-Skepparslöv,,,
12,1290,129008,Köpinge,,,
12,1290,129009,Nosaby,,,
12,1290,129014,Araslöv,,,
12,1290,129015,Åhus,,,
12,1290,129024,Fjälkinge,,,
12,1290,129029,Degeberga-Everöd,,,
12,1290,129032,Tollarp,,,
12,1290,129035,Oppmanna-Vånga,,,
12,1291,129101,Simrishamn,,,
12,1291,129107,Gärsnäs,,,
12,1291,129119,Kivik,,,
12,1292,129201,Ängelholm,,,
12,1292,129205,Munka Ljungby,,,
12,1292,129206,Strövelstorp,,,
12,1292,129209,Barkåkra,,,
12,1292,129211,Hjärnarp-Tåstarp,,,
12,1293,129301,Hässleholm,,,
12,1293,129305,Vinslöv,,,
12,1293,129310,Farstorp,,,
12,1293,129311,Verum,,,
12,1293,129312,Vittsjö,,,
12,1293,129313,Norra Åkarp,,,
12,1293,129314,Vankiva,,,
12,1293,129315,Sösdala,,,
12,1293,129319,Tyringe,,,
13,1315,131501,Torup,,,
13,1315,131504,Långaryd,,,
13,1315,131505,Färgaryd,,,
13,1315,131506,Femsjö,,,
13,1315,131507,Unnaryd,,,
13,1380,138002,Halmstad,,,
13,1380,138003,Snöstorp,,,
13,1380,138005,Oskarström,,,
13,1380,138009,Söndrum-Vapnö,,,
13,1380,138011,Harplinge-Steninge,,,
13,1380,138014,Getinge-Rävinge,,,
13,1380,138015,Slättåkra-Kvibille,,,
13,1380,138019,Enslöv,,,
13,1381,138101,Laholm,,,
13,1381,138103,Hasslöv-Våxtorp,,,
13,1381,138105,Skummeslöv,,,
13,1381,138107,Ränneslöv-Ysby,,,
13,1381,138109,Knäred-Hishult,,,
13,1381,138111,Veinge-Tjärby,,,
13,1382,138201,Falkenberg,,,
13,1382,138202,Skrea,,,
13,1382,138206,Susedalen,,,
13,1382,138208,Stafsinge,,,
13,1382,138209,Morup,,,
13,1382,138211,Vinberg-Ljungby,,,
13,1382,138213,Vessige,,,
13,1382,138217,Okome,,,
13,1382,138218,Gällared,,,
13,1382,138219,Krogsered,,,
13,1382,138220,Gunnarp,,,
13,1382,138221,Fagered,,,
13,1382,138222,Källsjö,,,
13,1382,138223,Ullared,,,
13,1382,138224,Älvsered,,,
13,1383,138301,Varberg,,,
13,1383,138302,Träslöv,,,
13,1383,138305,Himledalen,,,
13,1383,138310,Sibbarp-Dagsås,,,
13,1383,138311,Tvååker,,,
13,1383,138312,Spannarp,,,
13,1383,138313,Lindberga,,,
13,1383,138319,Veddige-Kungsäter,,,
13,1383,138320,Värö-Stråvalla,,,
13,1384,138401,Kungsbacka-Hanhals,,,
13,1384,138402,Tölö,,,
13,1384,138403,Älvsåker,,,
13,1384,138404,Vallda,,,
13,1384,138405,Släp,,,
13,1384,138406,Frillesås,,,
13,1384,138407,Landa,,,
13,1384,138408,Ölmevalla,,,
13,1384,138409,Gällinge,,,
13,1384,138410,Idala,,,
13,1384,138412,Fjärås-Förlanda,,,
13,1384,138414,Onsala,,,
13,1384,138415,Kullavik,,,
14,1401,140101,Härryda,,,
14,1401,140102,Landvetter,,,
14,1401,140103,Råda,,,
14,1401,140104,Björketorp,,,
14,1402,140201,Partille,,,
14,1402,140203,Sävedalen,,,
14,1402,140204,Furulund,,,
14,1407,140701,Öckerö,,,
14,1415,141502,Norum,,,
14,1415,141503,Ödsmål,,,
14,1415,141504,Spekeröd-Ucklum,,,
14,1415,141505,Jörlanda,,,
14,1419,141901,Valla,,,
14,1419,141902,Stenkyrka,,,
14,1419,141903,Rönnäng,,,
14,1419,141905,Klövedal,,,
14,1421,142101,Tegneby,,,
14,1421,142102,Röra,,,
14,1421,142103,Stala,,,
14,1421,142104,Långelanda,,,
14,1421,142105,Myckleby,,,
14,1421,142106,Torp,,,
14,1421,142110,Morlanda,,,
14,1427,142701,Södra Sotenäs,,,
14,1427,142705,Hunnebostrand,,,
14,1427,142706,Tossene,,,
14,1430,143001,Munkedal,,,
14,1435,143502,Tanum,,,
14,1435,143503,Lur,,,
14,1435,143504,Naverstad-Mo,,,
14,1435,143506,Kville,,,
14,1435,143507,Fjällbacka,,,
14,1435,143508,Bottna,,,
14,1435,143509,Svenneby,,,
14,1438,143803,Dals-Ed,,,
14,1439,143901,Färgelanda-Högsäter,,,
14,1440,144001,Nödinge,,,
14,1440,144003,Skepplanda-Hålanda,,,
14,1440,144005,Starrkärr-Kilanda,,,
14,1441,144101,Lerum,,,
14,1441,144102,Skallsjö,,,
14,1441,144103,Stora Lundby,,,
14,1441,144104,Östad,,,
14,1442,144201,Lena,,,
14,1442,144206,Hol,,,
14,1442,144208,Nårunga,,,
14,1442,144210,Asklanda,,,
14,1442,144214,Algutstorp,,,
14,1443,144301,Töllsjö,,,
14,1443,144302,Bollebygd,,,
14,1444,144403,Särestad,,,
14,1444,144408,Flo,,,
14,1444,144409,Tengene,,,
14,1444,144410,Trökörna,,,
14,1444,144412,Fridhem,,,
14,1445,144502,Främmestad-Bäreberg,,,
14,1445,144504,Essunga,,,
14,1446,144601,Karlsborg,,,
14,1446,144602,Brevik,,,
14,1446,144603,Mölltorp,,,
14,1446,144604,Undenäs,,,
14,1447,144701,Amnehärad,,,
14,1452,145201,Tranemo,,,
14,1452,145206,Länghem,,,
14,1452,145208,Dalstorp,,,
14,1460,146001,Ärtemark,,,
14,1460,146003,Laxarby-Vårvik,,,
14,1460,146005,Torrskog,,,
14,1460,146006,Steneby,,,
14,1461,146101,Holm,,,
14,1461,146103,Bolstad,,,
14,1461,146107,Ör,,,
14,1461,146109,Skållerud,,,
14,1462,146201,Fuxerna-Åsbräcka,,,
14,1462,146204,Lödöse,,,
14,1462,146206,Västerlanda,,,
14,1462,146207,Hjärtum,,,
14,1463,146301,Kinna,,,
14,1463,146303,Örby-Skene,,,
14,1463,146304,Sätila,,,
14,1463,146305,Hyssna,,,
14,1463,146307,Fritsla-Skephult,,,
14,1463,146312,Västra Mark,,,
14,1463,146313,Öxnevalla,,,
14,1463,146314,Horred,,,
14,1463,146315,Istorp,,,
14,1463,146316,Älekulla,,,
14,1463,146317,Torestorp,,,
14,1463,146318,Öxabäck,,,
14,1465,146501,Svenljungabygden,,,
14,1465,146503,Mjöbäck-Holsljunga,,,
14,1465,146506,Kindaholm,,,
14,1465,146512,Sexdrega,,,
14,1466,146606,Herrljungabygden,,,
14,1470,147001,Varabygden,,,
14,1471,147101,Husaby,,,
14,1471,147102,Götene,,,
14,1471,147112,Källby,,,
14,1471,147118,Kinnekulle,,,
14,1472,147201,Tibro,,,
14,1472,147202,Ransberg,,,
14,1473,147301,Töreboda,,,
14,1473,147302,Fredsberg-Bäck,,,
14,1473,147307,Fägre,,,
14,1473,147313,Hova-Älgarås,,,
14,1480,148001,Domkyrkoförs. i Göteborg,,,
14,1480,148004,Nylöse,,,
14,1480,148005,Kortedala,,,
14,1480,148006,Härlanda,,,
14,1480,148007,Göteborgs Vasa,,,
14,1480,148008,Göteborgs Johanneberg,,,
14,1480,148009,Göteborgs Annedal,,,
14,1480,148010,Göteborgs Haga,,,
14,1480,148011,Göteborgs Oscar Fredrik,,,
14,1480,148012,Göteborgs Masthugg,,,
14,1480,148013,Göteborgs Carl Johan,,,
14,1480,148016,Örgryte,,,
14,1480,148017,Lundby,,,
14,1480,148020,Backa,,,
14,1480,148021,Högsbo,,,
14,1480,148022,Västra Frölunda,,,
14,1480,148023,Älvsborg,,,
14,1480,148024,Tynnered,,,
14,1480,148025,Tyska Christinae,,,
14,1480,148028,Torslanda-Björlanda,,,
14,1480,148031,Tuve-Säve,,,
14,1480,148032,Bergsjön,,,
14,1480,148033,Göteborgs S:t Pauli,,,
14,1480,148034,Angered,,,
14,1480,148036,Askim,,,
14,1480,148037,Styrsö,,,
14,1480,148038,Björkekärr,,,
14,1480,148041,Näset,,,
14,1481,148101,Fässberg,,,
14,1481,148102,Kållered,,,
14,1481,148103,Lindome,,,
14,1481,148104,Stensjön,,,
14,1482,148201,Kungälv-Ytterby,,,
14,1482,148203,Marstrand,,,
14,1482,148204,Harestad,,,
14,1482,148205,Torsby,,,
14,1482,148206,Lycke,,,
14,1482,148208,Romelanda,,,
14,1482,148209,Kareby,,,
14,1482,148210,Hålta,,,
14,1482,148211,Solberga,,,
14,1484,148401,Lysekil,,,
14,1484,148402,Lyse,,,
14,1484,148403,Skaftö,,,
14,1484,148404,Bro,,,
14,1484,148405,Brastad,,,
14,1485,148501,Uddevalla,,,
14,1485,148503,Ljungskile,,,
14,1485,148509,Bokenäset,,,
14,1485,148510,Herrestad,,,
14,1485,148511,Lane-Ryr,,,
14,1485,148512,Bäve,,,
14,1485,148513,Dalaberg,,,
14,1486,148601,Strömstad,,,
14,1486,148602,Skee-Tjärnö,,,
14,1486,148606,Idefjorden,,,
14,1487,148701,Vänersborg och Väne-Ryr,,,
14,1487,148703,Gestad,,,
14,1487,148704,Brålanda,,,
14,1487,148705,Sundals-Ryr,,,
14,1487,148706,Frändefors,,,
14,1487,148707,Vänersnäs,,,
14,1487,148709,Västra Tunhem,,,
14,1488,148801,Trollhättan,,,
14,1488,148803,Åsaka-Björke,,,
14,1488,148804,Gärdhem,,,
14,1488,148805,Upphärad,,,
14,1488,148807,Fors-Rommele,,,
14,1489,148901,Alingsås,,,
14,1489,148908,Bjärke,,,
14,1489,148909,Hemsjö,,,
14,1489,148910,Ödenäs,,,
14,1490,149001,Borås Caroli,,,
14,1490,149002,Borås Gustav Adolf,,,
14,1490,149003,Brämhult,,,
14,1490,149006,Toarp,,,
14,1490,149011,Fristad,,,
14,1490,149016,Sandhult-Bredared,,,
14,1490,149019,Seglora,,,
14,1490,149020,Kinnarumma,,,
14,1491,149101,Ulricehamn,,,
14,1491,149105,Hällstad,,,
14,1491,149110,Södra Ving,,,
14,1491,149116,Åsunden,,,
14,1491,149120,Hössna,,,
14,1491,149128,Redväg,,,
14,1491,149129,Timmele,,,
14,1492,149201,Åmål,,,
14,1493,149301,Mariestad,,,
14,1493,149303,Ullervad,,,
14,1493,149312,Lugnås,,,
14,1493,149318,Lyrestad,,,
14,1494,149401,Lidköping,,,
14,1494,149403,Järpås,,,
14,1494,149405,Kållands-Råda,,,
14,1494,149413,Sunnersberg,,,
14,1494,149424,Sävare,,,
14,1494,149431,Örslösa,,,
14,1495,149501,Skara domkyrkoförs.,,,
14,1495,149508,Valle,,,
14,1495,149516,Ardala,,,
14,1496,149601,Skövde,,,
14,1496,149608,Skultorp,,,
14,1496,149614,Sventorp-Forsby,,,
14,1496,149615,Värsås-Varola-Vreten,,,
14,1496,149617,Väring,,,
14,1496,149620,Frösve,,,
14,1496,149624,Berg,,,
14,1496,149627,Götlunda,,,
14,1497,149701,Hjo,,,
14,1497,149704,Mofalla,,,
14,1497,149706,Fågelås,,,
14,1497,149708,Korsberga-Fridene,,,
14,1498,149801,Tidaholm,,,
14,1498,149803,Hökensås,,,
14,1498,149807,Fröjered,,,
14,1498,149812,Valstad,,,
14,1498,149816,Varv,,,
14,1499,149901,Falköping,,,
14,1499,149902,Mösseberg,,,
14,1499,149905,Floby,,,
14,1499,149916,Kinneved,,,
14,1499,149921,Åslebygden,,,
14,1499,149924,Slöta-Karleby,,,
14,1499,149928,Yllestad,,,
14,1499,149933,Dala-Borgunda-Högstena,,,
14,1499,149934,Stenstorp,,,
14,1499,149941,Gudhem,,,
14,1499,149947,Hornborga,,,
14,1499,149951,Åsarp,,,
17,1715,171501,Stora Kil,,,
17,1715,171502,Frykerud,,,
17,1715,171503,Boda,,,
17,1730,173001,Eda,,,
17,1730,173003,Järnskog-Skillingmark,,,
17,1730,173005,Köla,,,
17,1737,173701,Fryksände,,,
17,1737,173702,Lekvattnet,,,
17,1737,173703,Vitsand,,,
17,1737,173705,Östmark,,,
17,1737,173708,Övre Älvdal,,,
17,1760,176001,Storfors,,,
17,1761,176101,Hammarö,,,
17,1763,176301,Forshaga-Munkfors,,,
17,1764,176401,Grums,,,
17,1764,176403,Ed-Borgvik,,,
17,1764,176404,Värmskog,,,
17,1765,176501,Silbodal,,,
17,1765,176502,Sillerud,,,
17,1765,176503,Holmedal-Karlanda,,,
17,1765,176505,Blomskog,,,
17,1765,176506,Trankil,,,
17,1765,176507,Västra Fågelvik,,,
17,1765,176508,Töcksmark,,,
17,1765,176509,Östervallskog,,,
17,1766,176601,Sunne,,,
17,1766,176602,Västra Ämtervik,,,
17,1766,176603,Östra Ämtervik,,,
17,1766,176604,Gräsmark,,,
17,1766,176605,Lysvik,,,
17,1780,178001,Karlstads domkyrkoförs.,,,
17,1780,178002,Norrstrand,,,
17,1780,178003,Väse-Fågelvik,,,
17,1780,178006,Alster-Nyedsbygden,,,
17,1780,178008,Grava,,,
17,1780,178009,Nor-Segerstad,,,
17,1780,178011,Västerstrand,,,
17,1781,178101,Kristinehamn,,,
17,1781,178103,Rudskoga,,,
17,1781,178104,Visnums-Kil,,,
17,1781,178105,Visnum,,,
17,1781,178106,Ölme,,,
17,1782,178201,Filipstad,,,
17,1783,178301,Hagfors-Gustav Adolf,,,
17,1783,178302,Ekshärad,,,
17,1783,178304,Norra Råda-Sunnemo,,,
17,1784,178401,Arvika Östra,,,
17,1784,178402,Arvika Västra,,,
17,1784,178403,Stavnäs-Högerud,,,
17,1784,178405,Glava,,,
17,1784,178407,Gunnarskog,,,
17,1784,178408,Ny,,,
17,1784,178409,Älgå,,,
17,1784,178410,Mangskog,,,
17,1784,178411,Brunskog,,,
17,1785,178501,Säffle,,,
17,1785,178502,Tveta,,,
17,1785,178503,Bro,,,
17,1785,178504,Södra Värmlandsnäs,,,
17,1785,178508,Ny-Huggenäs,,,
17,1785,178509,Gillberga,,,
17,1785,178510,Kila,,,
17,1785,178511,Svanskog,,,
17,1785,178512,Långserud,,,
18,1814,181402,Knista,,,
18,1814,181405,Edsberg,,,
18,1860,186001,Ramundeboda,,,
18,1860,186002,Finnerödja-Tived,,,
18,1860,186004,Skagershult,,,
18,1861,186101,Hallsberg,,,
18,1861,186102,Viby,,,
18,1861,186104,Sköllersta,,,
18,1862,186201,Degerfors-Nysund,,,
18,1863,186301,Hällefors-Hjulsjö,,,
18,1863,186302,Grythyttan,,,
18,1864,186401,Ljusnarsberg,,,
18,1880,188001,Örebro Nikolai,,,
18,1880,188002,Örebro Olaus Petri,,,
18,1880,188003,Längbro,,,
18,1880,188004,Almby,,,
18,1880,188005,Mosjö-Täby,,,
18,1880,188008,Tysslinge,,,
18,1880,188013,Axberg,,,
18,1880,188015,Asker-Lännäs,,,
18,1880,188016,Kvismare,,,
18,1880,188027,Glanshammar,,,
18,1880,188030,Mikael,,,
18,1880,188031,Adolfsberg,,,
18,1881,188101,Kumla,,,
18,1881,188102,Hardemo,,,
18,1881,188103,Ekeby,,,
18,1882,188201,Askersund-Hammar,,,
18,1882,188203,Lerbäck,,,
18,1882,188204,Snavlunda,,,
18,1883,188301,Karlskoga,,,
18,1884,188404,Nora bergslagsförs.,,,
18,1885,188502,Linde bergslag,,,
18,1885,188504,Näsby,,,
18,1885,188505,Fellingsbro,,,
19,1904,190402,Skinnskatteberg med Hed och Gunnilbo,,,
19,1907,190701,Sura-Ramnäs,,,
19,1960,196001,Kungsör,,,
19,1961,196101,Hallstahammar-Kolbäck,,,
19,1962,196201,Norberg-Karbenning,,,
19,1980,198001,Västerås domkyrkoförs.,,,
19,1980,198002,Västerås Lundby,,,
19,1980,198003,Västerås Badelunda,,,
19,1980,198007,Norrbo,,,
19,1980,198009,Dingtuna-Lillhärad,,,
19,1980,198010,Västerås-Barkarö,,,
19,1980,198011,Kungsåra,,,
19,1980,198016,Tillberga,,,
19,1980,198020,Rytterne,,,
19,1980,198022,Skerike,,,
19,1980,198023,Önsta,,,
19,1980,198024,Viksäng,,,
19,1980,198025,Gideonsberg,,,
19,1981,198101,Sala,,,
19,1981,198102,Västerfärnebo-Fläckebo,,,
19,1981,198104,Norrby,,,
19,1981,198105,Tärna,,,
19,1981,198106,Kumla,,,
19,1981,198107,Kila,,,
19,1981,198108,Möklinta,,,
19,1982,198201,Västanfors-Västervåla,,,
19,1983,198301,Köpingsbygden,,,
19,1983,198304,Malma,,,
19,1984,198401,Arbogabygden,,,
20,2021,202101,Järna med Nås och Äppelbo,,,
20,2023,202302,Malung,,,
20,2023,202303,Lima-Transtrand,,,
20,2026,202601,Mockfjärd,,,
20,2026,202602,Gagnef,,,
20,2026,202603,Floda,,,
20,2029,202901,Leksand,,,
20,2029,202902,Djura,,,
20,2029,202903,Åhl,,,
20,2029,202904,Siljansnäs,,,
20,2031,203101,Rättvik,,,
20,2031,203103,Boda,,,
20,2031,203104,Ore,,,
20,2034,203402,Orsa,,,
20,2039,203902,Älvdalen,,,
20,2039,203905,Idre-Särna,,,
20,2061,206101,Norrbärke,,,
20,2061,206102,Söderbärke,,,
20,2062,206201,Mora,,,
20,2080,208001,Falu Kristine,,,
20,2080,208002,Grycksbo,,,
20,2080,208003,Stora Kopparberg,,,
20,2080,208004,Aspeboda,,,
20,2080,208006,Vika-Hosjö,,,
20,2080,208007,Sundborn,,,
20,2080,208008,Svärdsjö,,,
20,2080,208010,Enviken,,,
20,2080,208011,Bjursås,,,
20,2081,208102,Stora Tuna,,,
20,2081,208103,Torsång,,,
20,2082,208201,Säterbygden,,,
20,2083,208301,"Hedemora, Husby och Garpenberg",,,
20,2084,208401,Avesta,,,
20,2084,208403,By,,,
20,2084,208404,Folkärna,,,
20,2084,208406,Grytnäs,,,
20,2085,208501,Ludvika,,,
20,2085,208503,Gränge-Säfsnäs,,,
21,2101,210102,Ockelbo,,,
21,2104,210401,Hofors,,,
21,2104,210402,Torsåker,,,
21,2121,212101,Alfta-Ovanåker,,,
21,2132,213202,Nordanstigskusten,,,
21,2132,213205,Bergsjö,,,
21,2161,216101,Ljusdal-Ramsjö,,,
21,2161,216103,Los-Hamra,,,
21,2161,216104,Färila-Kårböle,,,
21,2161,216107,Järvsö,,,
21,2180,218001,Gävle,,,
21,2180,218003,Hamrånge,,,
21,2180,218004,Hedesunda,,,
21,2180,218005,Hille,,,
21,2180,218006,Valbo,,,
21,2181,218101,Sandviken,,,
21,2181,218102,Ovansjö,,,
21,2181,218103,Järbo,,,
21,2181,218104,Årsunda-Österfärnebo,,,
21,2182,218201,Söderhamn-Sandarne,,,
21,2182,218203,Skog,,,
21,2182,218204,Ljusne,,,
21,2182,218205,Söderala,,,
21,2182,218206,Mo-Bergvik,,,
21,2182,218209,Norrala-Trönö,,,
21,2183,218303,Bollnäs,,,
21,2183,218304,Rengsjö,,,
21,2183,218306,Hanebo-Segersta,,,
21,2183,218309,Arbrå-Undersvik,,,
21,2184,218401,Hudiksvallsbygden,,,
21,2184,218405,Enånger-Njutånger,,,
21,2184,218408,Delsbo,,,
21,2184,218409,Bjuråker-Norrbo,,,
21,2184,218411,Forsa-Hög,,,
22,2260,226002,Borgsjö-Haverö,,,
22,2260,226004,Torp,,,
22,2262,226201,Timrå,,,
22,2262,226202,Ljustorp,,,
22,2262,226203,Hässjö,,,
22,2262,226204,Tynderö,,,
22,2280,228001,Härnösands domkyrkoförs.,,,
22,2280,228002,Högsjö,,,
22,2280,228003,Häggdånger,,,
22,2280,228004,Stigsjö,,,
22,2280,228005,Viksjö,,,
22,2280,228006,Säbrå,,,
22,2280,228007,Hemsö,,,
22,2281,228101,Sundsvall,,,
22,2281,228103,Skön,,,
22,2281,228104,Alnö,,,
22,2281,228105,Sättna,,,
22,2281,228106,Selånger,,,
22,2281,228107,Stöde,,,
22,2281,228108,Tuna-Attmar,,,
22,2281,228110,Njurunda,,,
22,2281,228111,Indal,,,
22,2281,228112,Holm,,,
22,2281,228113,Liden,,,
22,2282,228201,Gudmundrå,,,
22,2282,228202,Nora-Skog,,,
22,2282,228204,Nordingrå,,,
22,2282,228205,Vibyggerå,,,
22,2282,228206,Ullånger,,,
22,2282,228207,Bjärtrå,,,
22,2282,228208,Styrnäs,,,
22,2282,228209,Dal,,,
22,2282,228210,Torsåker,,,
22,2282,228211,Ytterlännäs,,,
22,2283,228301,Sollefteå,,,
22,2283,228302,Multrå-Sånga,,,
22,2283,228303,Graninge,,,
22,2283,228304,Långsele,,,
22,2283,228305,Ed,,,
22,2283,228306,Resele,,,
22,2283,228307,Helgum,,,
22,2283,228308,Ådals-Liden,,,
22,2283,228309,Junsele,,,
22,2283,228311,Boteå,,,
22,2283,228312,Överlännäs,,,
22,2283,228315,Ramsele-Edsele,,,
22,2284,228401,Örnsköldsvik,,,
22,2284,228402,Arnäs,,,
22,2284,228404,Anundsjö,,,
22,2284,228405,Skorped,,,
22,2284,228406,Sidensjö,,,
22,2284,228407,Nätra,,,
22,2284,228408,Själevad,,,
22,2284,228409,Mo,,,
22,2284,228410,Grundsunda,,,
22,2284,228411,Gideå-Trehörningsjö,,,
22,2284,228412,Björna,,,
23,2303,230301,Ragunda,,,
23,2303,230302,Fors,,,
23,2303,230303,Borgvattnet,,,
23,2303,230304,Stugun,,,
23,2305,230501,Bräcke-Nyhem,,,
23,2305,230503,Hällesjö-Håsjö,,,
23,2305,230506,"Revsund, Sundsjö, Bodsjö",,,
23,2309,230901,Rödön,,,
23,2309,230902,Näskott,,,
23,2309,230903,Aspås,,,
23,2309,230904,Ås,,,
23,2309,230906,Föllingebygden,,,
23,2309,230908,Offerdal,,,
23,2309,230910,Alsen,,,
23,2313,231301,Ström-Alanäs,,,
23,2313,231303,Gåxsjö,,,
23,2313,231304,Hammerdal,,,
23,2313,231305,Frostviken,,,
23,2313,231306,Fjällsjö,,,
23,2313,231307,Bodum,,,
23,2313,231308,Tåsjö,,,
23,2321,232101,Åre,,,
23,2321,232103,Västra Storsjöbygden,,,
23,2321,232104,Kall,,,
23,2321,232105,Undersåker,,,
23,2326,232601,Berg,,,
23,2326,232602,Hackås,,,
23,2326,232603,Oviken-Myssjö,,,
23,2326,232606,Åsarne,,,
23,2326,232608,Rätan-Klövsjö,,,
23,2361,236101,Svegsbygden,,,
23,2361,236105,Hedebygden,,,
23,2361,236107,Tännäs-Ljusnedal,,,
23,2361,236109,"Ytterhogdal, Överhogdal och Ängersjö",,,
23,2380,238001,Östersund,,,
23,2380,238002,"Frösö, Sunne och Norderö",,,
23,2380,238004,Näs,,,
23,2380,238005,Lockne,,,
23,2380,238006,Marieby,,,
23,2380,238007,Brunflo,,,
23,2380,238009,Häggenås-Lit-Kyrkås,,,
24,2401,240102,Nordmaling,,,
24,2403,240301,Bjurholm,,,
24,2404,240401,Vindeln,,,
24,2409,240901,Bygdeå,,,
24,2417,241702,Norsjö,,,
24,2418,241801,Malå,,,
24,2421,242101,Stensele,,,
24,2421,242103,Tärna,,,
24,2422,242201,Sorsele,,,
24,2425,242501,Dorotea-Risbäck,,,
24,2460,246001,Vännäs,,,
24,2462,246201,Vilhelmina,,,
24,2463,246301,Åsele-Fredrika,,,
24,2480,248001,Umeå stadsförs.,,,
24,2480,248002,Umeå landsförs.,,,
24,2480,248003,Tavelsjö,,,
24,2480,248004,Teg,,,
24,2480,248005,Ålidhem,,,
24,2480,248006,Holmsund,,,
24,2480,248007,Hörnefors,,,
24,2480,248009,Sävar-Holmön,,,
24,2480,248011,Umeå Maria,,,
24,2481,248101,Lycksele,,,
24,2482,248201,Skellefteå S:t Olov,,,
24,2482,248202,Skellefteå S:t Örjan,,,
24,2482,248203,Bureå,,,
24,2482,248204,Skellefteå landsförs.,,,
24,2482,248205,Jörn-Boliden,,,
24,2482,248206,Kågedalen,,,
24,2482,248207,Byske-Fällfors,,,
24,2482,248210,Lövånger,,,
24,2482,248211,Burträsk,,,
25,2505,250502,Arvidsjaur,,,
25,2506,250602,Arjeplog,,,
25,2510,251002,Jokkmokk,,,
25,2513,251301,Överkalix,,,
25,2514,251401,Kalix,,,
25,2518,251801,Övertorneå,,,
25,2521,252101,Pajala,,,
25,2523,252301,Gällivare,,,
25,2560,256002,Älvsby,,,
25,2580,258002,Luleå domkyrkoförs.,,,
25,2580,258003,Nederluleå,,,
25,2580,258004,Råneå,,,
25,2581,258102,Hortlax,,,
25,2581,258103,Piteå,,,
25,2581,258105,Norrfjärden,,,
25,2582,258201,Överluleå,,,
25,2582,258202,Gunnarsbyn,,,
25,2582,258203,Edefors,,,
25,2582,258204,Sävast,,,
25,2583,258301,Haparanda,,,
25,2584,258401,Jukkasjärvi,,,
25,2584,258402,Vittangi,,,
25,2584,258403,Karesuando,,,
